Rank,Driver,Car No.,Starts,Laps,Total time,Laps Led,Status,Points,Avg.Speed,Pit stop,City,Points (F1 Scoring),Points (IMSA Scoring),Race Number
1,Scott McLaughlin,3,1,90,01:56:45.7773,90,Running,54,106.369,3,barber,25,385,3
2,Will Power,12,2,90,01:56:47.0967,90,Running,41,106.349,3,barber,18,352,3
3,Linus Lundqvist,8,19,90,01:56:48.2194,90,Running,36,106.332,3,barber,15,312,3
4,Felix Rosenqvist,60,5,90,01:56:50.2882,90,Running,33,106.301,2,barber,12,306,3
5,Alex Palou,10,10,90,01:56:51.1465,90,Running,31,106.288,2,barber,10,281,3
6,Christian Lundgaard,45,3,90,01:56:51.8282,90,Running,28,106.278,3,barber,8,280,3
7,Santino Ferrucci,14,17,90,01:56:52.3828,90,Running,27,106.269,3,barber,6,254,3
8,Colton Herta,26,15,90,01:56:53.2897,90,Running,24,106.255,2,barber,4,246,3
9,Marcus Armstrong,11,6,90,01:56:53.8148,90,Running,22,106.247,2,barber,2,245,3
10,Kyle Kirkwood,27,9,90,01:56:54.3346,90,Running,20,106.240,2,barber,1,232,3
11,Graham Rahal,15,7,90,01:56:54.8061,90,Running,19,106.232,2,barber,0,224,3
12,Romain Grosjean,77,11,90,01:56:55.2268,90,Running,18,106.226,2,barber,0,210,3
13,Jack Harvey,18,22,90,01:56:55.9042,90,Running,17,106.216,4,barber,0,189,3
14,Kyffin Simpson,4,23,90,01:56:56.2188,90,Running,16,106.211,3,barber,0,178,3
15,Scott Dixon,9,13,90,01:56:57.1401,90,Running,15,106.197,2,barber,0,178,3
16,Josef Newgarden,2,8,90,01:56:58.0128,90,Running,14,106.184,2,barber,0,173,3
17,Rinus VeeKay,21,27,90,01:56:59.2865,90,Running,13,106.165,3,barber,0,144,3
18,Marcus Ericsson,28,18,90,01:56:59.6210,90,Running,12,106.160,2,barber,0,143,3
19,Tom Blomqvist,66,12,90,01:57:00.3524,90,Running,11,106.149,3,barber,0,139,3
20,Agustin Canapino,78,20,90,01:57:00.4580,90,Running,10,106.147,3,barber,0,121,3
21,Luca Ghiotto,51,21,90,01:57:01.4582,90,Running,9,106.132,4,barber,0,110,3
22,Theo Pourchaire,6,24,89,01:55:47.6985,89,Running,8,106.067,3,barber,0,97,3
23,Pato O'Ward,5,4,90,01:57:02.2234,90,Running,7,106.120,3,barber,0,108,3
24,Christian Rasmussen,20,14,89,01:57:03.5045,89,Running,6,104.922,3,barber,0,87,3
25,Alexander Rossi,7,16,60,01:40:38.7103,60,Mechanical,5,82.269,2,barber,0,75,3
26,Sting Ray Robb,41,25,54,01:09:59.8639,54,Contact,5,106.461,2,barber,0,56,3
27,Pietro Fittipaldi,30,26,42,01:42:21.7871,42,Contact,5,56.622,2,barber,0,45,3
1,Scott Dixon,9,5,100,02:06:07.9684,100,Running,53,78.251,2,detroit,25,376,6
2,Marcus Ericsson,28,9,100,02:06:08.8251,100,Running,40,78.242,2,detroit,18,342,6
3,Marcus Armstrong,11,19,100,02:06:12.8813,100,Running,35,78.200,4,detroit,15,312,6
4,Kyle Kirkwood,27,6,100,02:06:14.0933,100,Running,33,78.188,2,detroit,12,305,6
5,Alexander Rossi,7,16,100,02:06:16.9216,100,Running,30,78.158,4,detroit,10,275,6
6,Will Power,12,8,100,02:06:18.0729,100,Running,28,78.147,4,detroit,8,273,6
7,Pato O'Ward,5,12,100,02:06:19.4505,100,Running,26,78.132,4,detroit,6,259,6
8,Felix Rosenqvist,60,22,100,02:06:23.4682,100,Running,24,78.091,4,detroit,4,239,6
9,Santino Ferrucci,14,10,100,02:06:26.2566,100,Running,22,78.062,5,detroit,2,241,6
10,Theo Pourchaire,6,7,100,02:06:26.8596,100,Running,20,78.056,4,detroit,1,234,6
11,Christian Lundgaard,45,11,100,02:06:31.2842,100,Running,20,78.011,4,detroit,0,220,6
12,Agustin Canapino,78,17,100,02:06:35.3358,100,Running,18,77.969,4,detroit,0,204,6
13,Pietro Fittipaldi,30,15,100,02:06:36.3370,100,Running,17,77.959,4,detroit,0,196,6
14,Rinus VeeKay,21,18,100,02:06:37.3806,100,Running,16,77.948,3,detroit,0,183,6
15,Graham Rahal,15,20,100,02:06:38.1249,100,Running,15,77.940,4,detroit,0,171,6
16,Alex Palou,10,2,100,02:06:47.0122,100,Running,15,77.849,5,detroit,0,182,6
17,Jack Harvey,18,26,100,02:06:54.3061,100,Running,13,77.775,5,detroit,0,145,6
18,Tristan Vautier,51,24,99,02:06:20.3437,99,Running,12,77.342,4,detroit,0,137,6
19,Colton Herta,26,1,99,02:06:33.2229,99,Running,13,77.211,4,detroit,0,155,6
20,Scott McLaughlin,3,4,99,02:06:40.7466,99,Running,10,77.134,2,detroit,0,138,6
21,Sting Ray Robb,41,23,99,02:06:54.9977,99,Running,9,76.990,4,detroit,0,108,6
22,Linus Lundqvist,8,21,99,02:06:55.2725,99,Running,8,76.987,5,detroit,0,100,6
23,Romain Grosjean,77,14,97,02:06:39.1904,97,Running,7,75.591,2,detroit,0,97,6
24,Kyffin Simpson,4,27,96,02:06:56.8918,96,Running,6,74.638,6,detroit,0,74,6
25,Helio Castroneves,66,25,95,02:07:07.6110,95,Running,5,73.757,5,detroit,0,66,6
26,Josef Newgarden,2,3,94,02:07:02.1853,94,Running,6,73.033,5,detroit,0,80,6
27,Christian Rasmussen,20,13,24,01:52:14.4116,24,Mechanical,5,21.105,0,detroit,0,58,6
1,Josef Newgarden,2,3,260,02:22:28.2772,260,Running,51,136.870,4,gateway,25,380,13
2,Scott McLaughlin,3,1,260,02:22:30.0032,260,Running,42,136.842,5,gateway,18,355,13
3,Linus Lundqvist,8,18,260,02:22:32.0647,260,Running,36,136.809,5,gateway,15,313,13
4,Alex Palou,10,16,260,02:22:34.3288,260,Running,32,136.773,4,gateway,12,295,13
5,Colton Herta,26,25,260,02:22:34.5418,260,Running,30,136.769,4,gateway,10,266,13
6,Felix Rosenqvist,60,11,259,02:22:34.6343,259,Running,28,136.242,4,gateway,8,270,13
7,Nolan Siegel,6,20,259,02:22:36.4998,259,Running,27,136.212,5,gateway,6,251,13
8,Marcus Armstrong,11,10,259,02:22:38.4123,259,Running,24,136.182,4,gateway,4,251,13
9,Sting Ray Robb,41,24,259,02:22:38.8118,259,Running,23,136.175,4,gateway,2,227,13
10,Rinus VeeKay,21,12,259,02:22:39.8352,259,Running,20,136.159,4,gateway,1,229,13
11,Scott Dixon,9,19,258,02:22:35.1547,258,Running,20,135.708,5,gateway,0,212,13
12,Santino Ferrucci,14,17,258,02:22:35.5855,258,Running,18,135.701,5,gateway,0,204,13
13,Conor Daly,78,9,258,02:22:40.1843,258,Running,17,135.628,4,gateway,0,202,13
14,Pietro Fittipaldi,30,15,258,02:22:43.0743,258,Running,16,135.582,5,gateway,0,186,13
15,Christian Lundgaard,45,23,257,02:22:37.6655,257,Running,15,135.142,5,gateway,0,168,13
16,Romain Grosjean,77,6,257,02:22:41.2126,257,Running,14,135.086,5,gateway,0,175,13
17,Ed Carpenter,20,21,252,02:22:44.9806,252,Running,13,132.400,9,gateway,0,150,13
18,Will Power,12,4,250,02:13:35.4985,250,Contact,15,140.353,4,gateway,0,158,13
19,Alexander Rossi,7,13,250,02:13:36.2301,250,Contact,12,140.340,4,gateway,0,138,13
20,Jack Harvey,18,26,249,02:13:44.4603,249,Contact,10,139.636,4,gateway,0,115,13
21,David Malukas,66,2,238,02:03:57.2412,238,Contact,10,144.005,4,gateway,0,132,13
22,Kyle Kirkwood,27,5,207,02:06:22.2296,207,Contact,8,122.853,4,gateway,0,116,13
23,Graham Rahal,15,14,161,01:25:07.1785,161,Mechanical,8,141.859,2,gateway,0,97,13
24,Marcus Ericsson,28,7,151,01:25:00.0321,151,Mechanical,7,133.234,2,gateway,0,94,13
25,Kyffin Simpson,4,22,84,00:44:48.6274,84,Contact,5,140.592,1,gateway,0,69,13
26,Pato O'Ward,5,8,42,00:25:20.3456,42,Mechanical,5,124.314,0,gateway,0,73,13
27,Katherine Legge,51,27,7,00:03:20.9005,7,Contact,5,156.794,0,gateway,0,44,13
1,Josef Newgarden,2,3,200,02:58:49.4079,200,Running,61,167.763,5,indy500,25,380,5
2,Pato O'Ward,5,8,200,02:58:49.7496,200,Running,46,167.758,6,indy500,18,343,5
3,Scott Dixon,9,21,200,02:58:50.3176,200,Running,36,167.749,6,indy500,15,310,5
4,Alexander Rossi,7,4,200,02:58:50.5770,200,Running,42,167.745,5,indy500,12,308,5
5,Alex Palou,10,14,200,02:58:50.9158,200,Running,31,167.740,5,indy500,10,277,5
6,Scott McLaughlin,3,1,200,02:58:51.4672,200,Running,43,167.731,5,indy500,8,285,5
7,Kyle Kirkwood,27,11,200,02:58:51.9458,200,Running,29,167.724,6,indy500,6,260,5
8,Santino Ferrucci,14,6,200,02:58:53.0222,200,Running,32,167.707,5,indy500,4,255,5
9,Rinus VeeKay,21,7,200,02:58:53.3639,200,Running,29,167.701,5,indy500,2,244,5
10,Conor Daly,24,29,200,02:58:54.0150,200,Running,21,167.691,6,indy500,1,212,5
11,Callum Ilott,6,15,200,02:58:54.3731,200,Running,20,167.686,7,indy500,0,216,5
12,Christian Rasmussen,33,24,200,02:58:54.7313,200,Running,18,167.680,6,indy500,0,197,5
13,Christian Lundgaard,45,28,200,02:58:55.5903,200,Running,18,167.667,7,indy500,0,183,5
14,Takuma Sato,75,10,200,02:58:56.0972,200,Running,19,167.659,6,indy500,0,191,5
15,Graham Rahal,15,33,200,02:58:56.7687,200,Running,15,167.648,7,indy500,0,160,5
16,Sting Ray Robb,41,23,200,02:58:57.9177,200,Running,15,167.630,5,indy500,0,158,5
17,Ed Carpenter,20,17,200,02:58:58.3160,200,Running,14,167.624,6,indy500,0,154,5
18,Kyle Larson,17,5,200,02:58:58.8925,200,Running,21,167.615,6,indy500,0,156,5
19,Romain Grosjean,77,26,200,02:58:59.2391,200,Running,11,167.610,7,indy500,0,125,5
20,Helio Castroneves,06,20,200,02:58:59.7681,200,Running,10,167.601,5,indy500,0,121,5
21,Kyffin Simpson,4,18,200,02:59:00.5010,200,Running,10,167.590,8,indy500,0,113,5
22,Agustin Canapino,78,22,199,02:58:52.6079,199,Running,8,166.875,6,indy500,0,99,5
23,Colton Herta,26,13,170,02:50:29.6118,170,Contact,7,149.566,4,indy500,0,98,5
24,Will Power,12,2,145,02:13:37.2524,145,Contact,17,162.774,4,indy500,0,102,5
25,Marco Andretti,98,19,113,01:47:32.7638,113,Contact,5,157.607,5,indy500,0,72,5
26,Ryan Hunter-Reay,23,12,107,01:39:56.0999,107,Contact,6,160.604,4,indy500,0,69,5
27,Felix Rosenqvist,60,9,55,00:51:59.8657,55,Mechanical,9,158.661,1,indy500,0,62,5
28,Linus Lundqvist,8,27,27,00:29:29.7195,27,Contact,5,137.310,2,indy500,0,34,5
29,Katherine Legge,51,31,22,00:30:52.8001,22,Mechanical,5,106.865,1,indy500,0,20,5
30,Marcus Armstrong,11,16,6,00:10:27.1741,6,Mechanical,5,86.100,0,indy500,0,25,5
31,Tom Blomqvist,66,25,0,00:00:05.4517,0,Contact,5,0.000,0,indy500,0,16,5
32,Pietro Fittipaldi,30,30,0,00:00:05.6941,0,Contact,5,0.000,0,indy500,0,11,5
33,Marcus Ericsson,28,32,0,00:00:05.9281,0,Contact,5,0.000,0,indy500,0,10,5
1,Alex Palou,10,1,85,01:45:27.2320,85,Running,54,117.956,3,indyrc,25,385,4
2,Will Power,12,3,85,01:45:33.8426,85,Running,40,117.833,3,indyrc,18,350,4
3,Christian Lundgaard,45,2,85,01:45:35.3220,85,Running,36,117.805,3,indyrc,15,332,4
4,Scott Dixon,9,6,85,01:45:40.6582,85,Running,33,117.706,3,indyrc,12,305,4
5,Marcus Armstrong,11,8,85,01:45:41.1298,85,Running,31,117.697,3,indyrc,10,283,4
6,Scott McLaughlin,3,13,85,01:45:41.5066,85,Running,29,117.690,3,indyrc,8,268,4
7,Colton Herta,26,24,85,01:45:46.0874,85,Running,26,117.605,3,indyrc,6,247,4
8,Alexander Rossi,7,7,85,01:45:47.3958,85,Running,25,117.581,3,indyrc,4,254,4
9,Graham Rahal,15,9,85,01:45:49.3876,85,Running,23,117.544,3,indyrc,2,242,4
10,Felix Rosenqvist,60,10,85,01:45:53.5744,85,Running,20,117.467,3,indyrc,1,231,4
11,Kyle Kirkwood,27,14,85,01:45:54.6892,85,Running,19,117.446,3,indyrc,0,217,4
12,Romain Grosjean,77,23,85,01:45:56.5428,85,Running,18,117.412,3,indyrc,0,198,4
13,Pato O'Ward,5,5,85,01:45:58.4708,85,Running,17,117.376,3,indyrc,0,206,4
14,Pietro Fittipaldi,30,11,85,01:45:59.1192,85,Running,17,117.364,3,indyrc,0,190,4
15,Kyffin Simpson,4,25,85,01:45:59.5215,85,Running,15,117.357,3,indyrc,0,166,4
16,Marcus Ericsson,28,21,85,01:46:01.8902,85,Running,14,117.313,3,indyrc,0,160,4
17,Josef Newgarden,2,4,85,01:46:04.1969,85,Running,13,117.271,3,indyrc,0,168,4
18,Jack Harvey,18,17,85,01:46:05.2444,85,Running,12,117.251,3,indyrc,0,144,4
19,Theo Pourchaire,6,18,85,01:46:05.2999,85,Running,11,117.250,3,indyrc,0,133,4
20,Christian Rasmussen,20,20,85,01:46:06.6539,85,Running,10,117.225,3,indyrc,0,121,4
21,Agustin Canapino,78,15,84,01:45:45.1182,84,Running,9,116.240,3,indyrc,0,116,4
22,Sting Ray Robb,41,27,84,01:45:52.9639,84,Running,8,116.096,3,indyrc,0,94,4
23,Tom Blomqvist,66,26,84,01:45:55.0611,84,Running,7,116.058,3,indyrc,0,85,4
24,Linus Lundqvist,8,19,84,01:46:00.9419,84,Running,6,115.950,3,indyrc,0,82,4
25,Luca Ghiotto,51,22,84,01:46:07.4016,84,Running,5,115.833,3,indyrc,0,69,4
26,Rinus VeeKay,21,12,84,01:46:13.0203,84,Running,5,115.731,4,indyrc,0,69,4
27,Santino Ferrucci,14,16,55,01:10:12.3445,55,Mechanical,5,114.644,2,indyrc,0,55,4
1,Scott McLaughlin,3,2,250,01:44:41.1172,250,Running,53,128.098,2,iowa1,25,382,10
2,Pato O'Ward,5,6,250,01:44:41.5986,250,Running,40,128.088,2,iowa1,18,345,10
3,Josef Newgarden,2,22,250,01:44:42.6346,250,Running,35,128.067,2,iowa1,15,309,10
4,Scott Dixon,9,5,250,01:44:46.1213,250,Running,32,127.996,2,iowa1,12,306,10
5,Rinus VeeKay,21,13,250,01:44:47.6828,250,Running,30,127.964,2,iowa1,10,278,10
6,Santino Ferrucci,14,8,250,01:44:48.5747,250,Running,28,127.946,2,iowa1,8,273,10
7,Kyle Kirkwood,27,19,250,01:44:49.5372,250,Running,26,127.927,2,iowa1,6,252,10
8,Alexander Rossi,7,7,250,01:44:50.4597,250,Running,24,127.908,2,iowa1,4,254,10
9,Marcus Ericsson,28,10,250,01:44:51.4942,250,Running,22,127.887,2,iowa1,2,241,10
10,Marcus Armstrong,11,9,250,01:44:52.5178,250,Running,20,127.866,2,iowa1,1,232,10
11,Colton Herta,26,1,250,01:44:52.9286,250,Running,21,127.858,2,iowa1,0,235,10
12,Nolan Siegel,6,15,250,01:44:53.2451,250,Running,18,127.851,2,iowa1,0,206,10
13,Felix Rosenqvist,60,11,250,01:44:53.5823,250,Running,17,127.845,2,iowa1,0,200,10
14,Kyffin Simpson,4,27,250,01:44:54.6220,250,Running,16,127.823,2,iowa1,0,174,10
15,Sting Ray Robb,41,24,250,01:44:55.1414,250,Running,15,127.813,2,iowa1,0,167,10
16,Graham Rahal,15,21,249,01:44:55.6604,249,Running,14,127.291,2,iowa1,0,160,10
17,Katherine Legge,51,26,249,01:44:59.6138,249,Running,13,127.211,2,iowa1,0,145,10
18,Will Power,12,4,241,01:44:58.6088,241,Running,12,123.144,4,iowa1,0,158,10
19,Pietro Fittipaldi,30,17,228,01:34:26.8875,228,Contact,11,129.488,2,iowa1,0,134,10
20,Ed Carpenter,20,25,228,01:34:28.1006,228,Contact,10,129.461,3,iowa1,0,116,10
21,Linus Lundqvist,8,12,209,01:23:24.4177,209,Mechanical,9,134.410,2,iowa1,0,119,10
22,Christian Lundgaard,45,23,178,01:41:39.5544,178,Contact,8,93.921,3,iowa1,0,98,10
23,Alex Palou,10,3,175,01:07:09.0616,175,Contact,7,139.789,1,iowa1,0,110,10
24,Romain Grosjean,77,20,48,01:12:55.2974,48,Contact,6,35.308,1,iowa1,0,81,10
25,Jack Harvey,18,18,28,00:17:14.2261,28,Retired,5,87.133,0,iowa1,0,73,10
26,David Malukas,66,14,0,00:00:01.5292,0,Contact,5,0.000,0,iowa1,0,67,10
27,Agustin Canapino,78,16,0,00:00:01.6497,0,Contact,5,0.000,0,iowa1,0,55,10
1,Will Power,12,22,250,01:26:38.7472,250,Running,51,154.768,2,iowa2,25,359,11
2,Alex Palou,10,2,250,01:26:39.1387,250,Running,43,154.756,2,iowa2,18,352,11
3,Scott McLaughlin,3,1,250,01:26:41.1123,250,Running,37,154.698,2,iowa2,15,335,11
4,Scott Dixon,9,3,250,01:26:41.2798,250,Running,32,154.693,2,iowa2,12,310,11
5,Colton Herta,26,4,250,01:26:43.1835,250,Running,30,154.636,2,iowa2,10,288,11
6,Pato O'Ward,5,7,250,01:26:43.4261,250,Running,28,154.629,2,iowa2,8,274,11
7,Josef Newgarden,2,14,250,01:26:43.6064,250,Running,26,154.624,2,iowa2,6,257,11
8,Graham Rahal,15,8,250,01:26:56.8028,250,Running,24,154.232,2,iowa2,4,253,11
9,Rinus VeeKay,21,15,250,01:26:57.5120,250,Running,22,154.211,2,iowa2,2,236,11
10,Romain Grosjean,77,16,250,01:26:59.2280,250,Running,20,154.161,2,iowa2,1,225,11
11,Santino Ferrucci,14,19,250,01:26:59.5783,250,Running,19,154.150,2,iowa2,0,212,11
12,Linus Lundqvist,8,13,250,01:27:03.7707,250,Running,19,154.027,3,iowa2,0,208,11
13,David Malukas,66,9,250,01:27:05.2245,250,Running,17,153.984,2,iowa2,0,202,11
14,Nolan Siegel,6,11,250,01:27:06.8768,250,Running,16,153.935,2,iowa2,0,190,11
15,Alexander Rossi,7,6,249,01:26:31.4464,249,Contact,15,154.366,2,iowa2,0,185,11
16,Kyle Kirkwood,27,12,249,01:26:34.3082,249,Contact,14,154.281,2,iowa2,0,169,11
17,Christian Lundgaard,45,18,249,01:26:40.0377,249,Running,13,154.111,2,iowa2,0,153,11
18,Kyffin Simpson,4,23,249,01:26:42.3091,249,Running,12,154.043,2,iowa2,0,138,11
19,Marcus Armstrong,11,25,249,01:27:02.9722,249,Running,11,153.434,2,iowa2,0,126,11
20,Pietro Fittipaldi,30,17,249,01:27:04.6798,249,Running,10,153.384,2,iowa2,0,124,11
21,Sting Ray Robb,41,20,248,01:26:32.5738,248,Contact,9,153.712,2,iowa2,0,111,11
22,Ed Carpenter,20,26,248,01:26:33.2816,248,Contact,8,153.691,2,iowa2,0,95,11
23,Marcus Ericsson,28,21,248,01:26:40.6183,248,Running,7,153.475,2,iowa2,0,90,11
24,Katherine Legge,51,24,248,01:26:42.7888,248,Running,6,153.411,2,iowa2,0,77,11
25,Agustin Canapino,78,10,221,01:22:24.1541,221,Mechanical,5,143.860,3,iowa2,0,81,11
26,Felix Rosenqvist,60,5,184,01:12:00.9701,184,Mechanical,5,137.049,1,iowa2,0,76,11
27,Conor Daly,18,27,140,00:59:38.7787,140,Mechanical,5,125.902,1,iowa2,0,44,11
1,Alex Palou,10,1,95,02:04:09.8545,95,Running,54,102.740,3,lagunaseca,25,385,8
2,Colton Herta,26,4,95,02:04:11.8325,95,Running,41,102.712,3,lagunaseca,18,348,8
3,Alexander Rossi,7,5,95,02:04:14.3681,95,Running,36,102.678,3,lagunaseca,15,326,8
4,Romain Grosjean,77,8,95,02:04:14.6788,95,Running,32,102.673,3,lagunaseca,12,303,8
5,Kyle Kirkwood,27,2,95,02:04:18.5313,95,Running,31,102.620,3,lagunaseca,10,292,8
6,Scott Dixon,9,10,95,02:04:19.0049,95,Running,28,102.614,3,lagunaseca,8,271,8
7,Will Power,12,15,95,02:04:19.8509,95,Running,26,102.602,3,lagunaseca,6,256,8
8,Pato O'Ward,5,9,95,02:04:20.4759,95,Running,24,102.593,3,lagunaseca,4,252,8
9,Santino Ferrucci,14,17,95,02:04:20.8570,95,Running,22,102.588,3,lagunaseca,2,234,8
10,Marcus Ericsson,28,18,95,02:04:21.4943,95,Running,20,102.579,3,lagunaseca,1,223,8
11,Felix Rosenqvist,60,3,95,02:04:22.5633,95,Running,19,102.565,3,lagunaseca,0,230,8
12,Nolan Siegel,6,23,95,02:04:22.9850,95,Running,18,102.559,3,lagunaseca,0,198,8
13,Christian Rasmussen,20,21,95,02:04:24.2315,95,Running,17,102.542,3,lagunaseca,0,190,8
14,Pietro Fittipaldi,30,24,95,02:04:24.6086,95,Running,16,102.537,4,lagunaseca,0,177,8
15,Christian Lundgaard,45,6,95,02:04:24.9289,95,Running,15,102.532,3,lagunaseca,0,185,8
16,David Malukas,66,12,95,02:04:28.3554,95,Running,14,102.485,4,lagunaseca,0,169,8
17,Linus Lundqvist,8,16,95,02:04:30.0268,95,Running,13,102.462,4,lagunaseca,0,155,8
18,Agustin Canapino,78,13,95,02:04:33.3992,95,Running,12,102.416,3,lagunaseca,0,148,8
19,Josef Newgarden,2,14,95,02:04:37.1113,95,Running,12,102.365,3,lagunaseca,0,137,8
20,Sting Ray Robb,41,25,94,02:04:30.4500,94,Running,10,101.378,3,lagunaseca,0,116,8
21,Scott McLaughlin,3,7,93,02:04:31.9741,93,Running,9,100.279,5,lagunaseca,0,124,8
22,Marcus Armstrong,11,11,93,02:04:48.4558,93,Running,8,100.058,3,lagunaseca,0,110,8
23,Kyffin Simpson,4,22,86,01:50:32.2312,86,Contact,7,104.472,3,lagunaseca,0,89,8
24,Graham Rahal,15,19,86,01:50:33.2600,86,Contact,6,104.456,4,lagunaseca,0,82,8
25,Jack Harvey,18,26,82,01:44:40.7853,82,Mechanical,5,105.187,3,lagunaseca,0,65,8
26,Rinus VeeKay,21,20,72,01:39:43.0398,72,Mechanical,5,96.956,3,lagunaseca,0,61,8
27,Luca Ghiotto,51,27,34,00:40:57.8112,34,Contact,5,111.453,1,lagunaseca,0,44,8
1,Scott Dixon,9,8,85,01:42:03.1416,85,Running,53,98.350,2,longbeach,25,373,2
2,Colton Herta,26,4,85,01:42:04.1214,85,Running,41,98.334,2,longbeach,18,348,2
3,Alex Palou,10,6,85,01:42:04.9080,85,Running,35,98.321,2,longbeach,15,325,2
4,Josef Newgarden,2,3,85,01:42:07.1151,85,Running,33,98.286,2,longbeach,12,310,2
5,Marcus Ericsson,28,5,85,01:42:07.5185,85,Running,30,98.279,2,longbeach,10,286,2
6,Will Power,12,2,85,01:42:18.9055,85,Running,29,98.097,2,longbeach,8,282,2
7,Kyle Kirkwood,27,10,85,01:42:19.3204,85,Running,27,98.090,2,longbeach,6,261,2
8,Romain Grosjean,77,16,85,01:42:21.1849,85,Running,24,98.061,2,longbeach,4,245,2
9,Felix Rosenqvist,60,1,85,01:42:21.9571,85,Running,24,98.048,2,longbeach,2,255,2
10,Alexander Rossi,7,13,85,01:42:35.2331,85,Running,20,97.837,3,longbeach,1,228,2
11,Theo Pourchaire,6,22,85,01:42:36.5825,85,Running,19,97.815,2,longbeach,0,209,2
12,Marcus Armstrong,11,9,85,01:42:43.9623,85,Running,18,97.698,2,longbeach,0,212,2
13,Linus Lundqvist,8,17,85,01:42:45.1419,85,Running,17,97.680,2,longbeach,0,194,2
14,Rinus VeeKay,21,18,85,01:42:47.5741,85,Running,16,97.641,2,longbeach,0,183,2
15,Agustin Canapino,78,20,85,01:42:54.4572,85,Running,15,97.532,3,longbeach,0,171,2
16,Pato O'Ward,5,14,85,01:42:56.1377,85,Running,14,97.506,3,longbeach,0,167,2
17,Graham Rahal,15,12,85,01:43:05.6606,85,Running,13,97.355,2,longbeach,0,159,2
18,Sting Ray Robb,41,25,85,01:43:08.7314,85,Running,12,97.307,2,longbeach,0,136,2
19,Kyffin Simpson,4,26,84,01:42:06.5316,84,Running,11,97.139,2,longbeach,0,125,2
20,Nolan Siegel,51,27,84,01:42:09.8320,84,Running,10,97.086,2,longbeach,0,114,2
21,Santino Ferrucci,14,24,84,01:42:12.4251,84,Running,9,97.045,3,longbeach,0,107,2
22,Tom Blomqvist,66,15,84,01:42:28.7772,84,Running,8,96.787,3,longbeach,0,106,2
23,Christian Lundgaard,45,7,84,01:42:34.2538,84,Running,7,96.701,3,longbeach,0,104,2
24,Pietro Fittipaldi,30,19,84,01:42:52.7942,84,Running,6,96.411,3,longbeach,0,82,2
25,Jack Harvey,18,23,83,01:42:31.6976,83,Running,5,95.590,4,longbeach,0,68,2
26,Scott McLaughlin,3,11,71,01:26:53.2828,71,Running,5,96.488,2,longbeach,0,70,2
27,Christian Rasmussen,20,21,14,00:17:23.1996,14,Contact,5,95.080,0,longbeach,0,50,2
1,Pato O'Ward,5,2,80,01:33:22.6191,80,Running,51,116.071,2,midohio,25,382,9
2,Alex Palou,10,1,80,01:33:23.1184,80,Running,44,116.061,2,midohio,18,355,9
3,Scott McLaughlin,3,6,80,01:33:38.7749,80,Running,36,115.738,2,midohio,15,325,9
4,Colton Herta,26,4,80,01:33:47.4916,80,Running,32,115.558,2,midohio,12,308,9
5,Marcus Ericsson,28,5,80,01:33:54.3000,80,Running,30,115.419,2,midohio,10,286,9
6,Alexander Rossi,7,7,80,01:33:54.8634,80,Running,28,115.407,2,midohio,8,274,9
7,Christian Lundgaard,45,9,80,01:33:55.1905,80,Running,26,115.401,2,midohio,6,262,9
8,Kyle Kirkwood,27,14,80,01:33:57.8409,80,Running,24,115.346,2,midohio,4,247,9
9,Christian Rasmussen,20,8,80,01:34:02.9373,80,Running,22,115.242,2,midohio,2,243,9
10,Santino Ferrucci,14,21,80,01:34:09.5275,80,Running,20,115.108,2,midohio,1,220,9
11,Will Power,12,15,80,01:34:11.2737,80,Running,19,115.072,2,midohio,0,216,9
12,David Malukas,66,3,80,01:34:12.0097,80,Running,18,115.057,2,midohio,0,220,9
13,Toby Sowery,51,24,80,01:34:12.5057,80,Running,17,115.047,2,midohio,0,187,9
14,Felix Rosenqvist,60,19,80,01:34:14.4353,80,Running,16,115.008,3,midohio,0,182,9
15,Linus Lundqvist,8,10,80,01:34:16.0985,80,Running,15,114.974,3,midohio,0,181,9
16,Sting Ray Robb,41,25,80,01:34:17.3604,80,Running,14,114.948,2,midohio,0,156,9
17,Marcus Armstrong,11,11,80,01:34:18.4590,80,Running,13,114.926,3,midohio,0,160,9
18,Graham Rahal,15,18,80,01:34:21.4872,80,Running,12,114.865,3,midohio,0,143,9
19,Rinus VeeKay,21,20,80,01:34:23.0741,80,Running,11,114.832,3,midohio,0,131,9
20,Nolan Siegel,6,16,80,01:34:28.4782,80,Running,10,114.723,3,midohio,0,125,9
21,Kyffin Simpson,4,23,80,01:34:29.6604,80,Running,9,114.699,3,midohio,0,108,9
22,Agustin Canapino,78,22,79,01:33:25.8966,79,Running,8,114.554,2,midohio,0,99,9
23,Romain Grosjean,77,12,79,01:33:33.1085,79,Running,7,114.406,2,midohio,0,99,9
24,Pietro Fittipaldi,30,27,79,01:33:35.6225,79,Running,6,114.355,3,midohio,0,74,9
25,Josef Newgarden,2,17,79,01:33:41.0299,79,Running,5,114.245,3,midohio,0,74,9
26,Jack Harvey,18,26,79,01:34:05.1083,79,Running,5,113.758,2,midohio,0,55,9
27,Scott Dixon,9,13,40,01:12:58.7920,40,Mechanical,5,74.256,1,midohio,0,58,9
1,Pato O'Ward,5,6,250,02:03:01.3451,250,Running,53,123.758,4,milwaukee1,25,375,15
2,Will Power,12,5,250,02:03:03.1666,250,Running,41,123.727,4,milwaukee1,18,346,15
3,Conor Daly,78,25,250,02:03:03.7490,250,Running,35,123.718,4,milwaukee1,15,306,15
4,Santino Ferrucci,14,19,250,02:03:18.0349,250,Running,32,123.479,4,milwaukee1,12,292,15
5,Alex Palou,10,12,250,02:03:20.0530,250,Running,30,123.445,4,milwaukee1,10,279,15
6,Linus Lundqvist,8,4,250,02:03:20.5881,250,Running,29,123.436,4,milwaukee1,8,278,15
7,Alexander Rossi,7,3,250,02:03:21.6948,250,Running,26,123.418,4,milwaukee1,6,270,15
8,Scott McLaughlin,3,1,250,02:03:22.4187,250,Running,26,123.406,3,milwaukee1,4,265,15
9,Christian Lundgaard,45,26,250,02:03:22.9163,250,Running,22,123.397,5,milwaukee1,2,225,15
10,Scott Dixon,9,17,250,02:03:23.2204,250,Running,20,123.392,4,milwaukee1,1,224,15
11,Christian Rasmussen,20,23,250,02:03:24.2568,250,Running,19,123.375,4,milwaukee1,0,208,15
12,Kyle Kirkwood,27,15,250,02:03:24.4760,250,Running,18,123.371,4,milwaukee1,0,206,15
13,Felix Rosenqvist,60,8,250,02:03:27.5759,250,Running,17,123.320,4,milwaukee1,0,203,15
14,Rinus VeeKay,21,13,249,02:03:14.6290,249,Running,16,123.041,4,milwaukee1,0,188,15
15,David Malukas,66,2,249,02:03:21.1244,249,Running,15,122.933,4,milwaukee1,0,192,15
16,Jack Harvey,18,14,249,02:03:27.2078,249,Running,14,122.833,4,milwaukee1,0,167,15
17,Nolan Siegel,6,24,249,02:03:27.9442,249,Running,13,122.820,4,milwaukee1,0,147,15
18,Pietro Fittipaldi,30,27,248,02:03:15.1790,248,Running,12,122.538,4,milwaukee1,0,134,15
19,Katherine Legge,51,18,248,02:03:19.5467,248,Running,11,122.466,6,milwaukee1,0,133,15
20,Graham Rahal,15,21,248,02:03:29.2672,248,Running,10,122.305,5,milwaukee1,0,120,15
21,Marcus Armstrong,11,16,247,02:03:02.6933,247,Running,9,122.251,4,milwaukee1,0,115,15
22,Colton Herta,26,10,246,02:03:15.9124,246,Running,9,121.538,6,milwaukee1,0,111,15
23,Sting Ray Robb,41,20,244,02:03:16.2906,244,Running,7,120.544,4,milwaukee1,0,91,15
24,Romain Grosjean,77,9,243,02:03:04.3680,243,Running,6,120.243,5,milwaukee1,0,92,15
25,Kyffin Simpson,4,22,238,02:03:19.0057,238,Running,5,117.536,4,milwaukee1,0,69,15
26,Josef Newgarden,2,11,146,01:09:04.1359,146,Contact,5,128.732,3,milwaukee1,0,70,15
27,Marcus Ericsson,28,7,146,01:09:04.2267,146,Contact,5,128.729,3,milwaukee1,0,64,15
1,Scott McLaughlin,3,2,250,02:06:31.3981,250,Running,53,120.334,6,milwaukee2,25,382,16
2,Scott Dixon,9,17,250,02:06:31.8539,250,Running,40,120.326,5,milwaukee2,18,334,16
3,Colton Herta,26,18,250,02:06:36.5244,250,Running,36,120.252,5,milwaukee2,15,313,16
4,Santino Ferrucci,14,12,250,02:06:42.3810,250,Running,33,120.160,6,milwaukee2,12,299,16
5,Marcus Ericsson,28,16,250,02:06:45.1066,250,Running,30,120.117,6,milwaukee2,10,275,16
6,Alexander Rossi,7,6,250,02:06:45.7286,250,Running,29,120.107,5,milwaukee2,8,275,16
7,Rinus VeeKay,21,15,250,02:06:46.5983,250,Running,26,120.093,5,milwaukee2,6,256,16
8,Kyle Kirkwood,27,19,250,02:06:46.7200,250,Running,24,120.091,6,milwaukee2,4,242,16
9,Romain Grosjean,77,14,250,02:06:47.5994,250,Running,22,120.077,5,milwaukee2,2,237,16
10,Will Power,12,4,250,02:06:51.2558,250,Running,21,120.020,7,milwaukee2,1,238,16
11,Felix Rosenqvist,60,8,249,02:06:53.2242,249,Running,19,119.509,6,milwaukee2,0,223,16
12,Christian Lundgaard,45,25,248,02:06:44.7912,248,Running,18,119.161,6,milwaukee2,0,196,16
13,Kyffin Simpson,4,24,248,02:06:50.1355,248,Running,17,119.077,5,milwaukee2,0,187,16
14,Jack Harvey,18,13,247,02:06:48.2333,247,Running,16,118.626,4,milwaukee2,0,188,16
15,Katherine Legge,51,22,246,02:06:51.9006,246,Running,16,118.089,4,milwaukee2,0,169,16
16,Christian Rasmussen,20,23,243,02:06:41.0040,243,Running,14,116.816,5,milwaukee2,0,158,16
17,Conor Daly,78,20,230,02:04:22.7112,230,Retired,13,112.616,5,milwaukee2,0,151,16
18,Sting Ray Robb,41,21,221,01:53:03.4362,221,Contact,12,119.045,4,milwaukee2,0,140,16
19,Alex Palou,10,10,221,02:06:53.7919,221,Running,11,106.062,5,milwaukee2,0,141,16
20,Linus Lundqvist,8,5,215,01:48:42.8478,215,Contact,10,120.440,4,milwaukee2,0,136,16
21,Pietro Fittipaldi,30,27,181,01:39:19.4142,181,Mechanical,9,110.980,4,milwaukee2,0,104,16
22,David Malukas,66,9,126,02:00:49.3725,126,Mechanical,8,63.509,2,milwaukee2,0,112,16
23,Graham Rahal,15,26,123,01:04:51.4228,123,Contact,7,115.496,3,milwaukee2,0,85,16
24,Pato O'Ward,5,7,87,00:48:53.1117,87,Mechanical,6,108.383,1,milwaukee2,0,94,16
25,Nolan Siegel,6,11,24,00:22:39.9624,24,Mechanical,5,64.484,0,milwaukee2,0,80,16
26,Marcus Armstrong,11,3,6,00:04:44.6808,6,Contact,5,77.013,0,milwaukee2,0,80,16
27,Josef Newgarden,2,1,5,00:03:47.4774,5,Contact,7,80.316,0,milwaukee2,0,75,16
1,Colton Herta,26,9,206,01:43:15.2534,206,Running,51,159.207,4,nashville,25,372,17
2,Pato O'Ward,5,7,206,01:43:17.0640,206,Running,41,159.161,4,nashville,18,344,17
3,Josef Newgarden,2,2,206,01:43:17.2145,206,Running,36,159.157,4,nashville,15,332,17
4,Kyle Kirkwood,27,1,206,01:43:19.9709,206,Running,36,159.086,3,nashville,12,315,17
5,Scott McLaughlin,3,18,206,01:43:23.0371,206,Running,30,159.007,4,nashville,10,273,17
6,Santino Ferrucci,14,14,206,01:43:24.4870,206,Running,28,158.970,4,nashville,8,267,17
7,Marcus Armstrong,11,12,206,01:43:29.6404,206,Running,26,158.838,3,nashville,6,259,17
8,Linus Lundqvist,8,8,206,01:43:29.9053,206,Running,24,158.831,4,nashville,4,253,17
9,David Malukas,66,5,206,01:43:30.5260,206,Running,23,158.816,3,nashville,2,246,17
10,Conor Daly,78,6,205,01:43:18.9149,205,Running,20,158.341,3,nashville,1,235,17
11,Alex Palou,10,24,205,01:43:29.5905,205,Running,19,158.068,4,nashville,0,207,17
12,Rinus VeeKay,21,10,205,01:43:32.1299,205,Running,18,158.004,4,nashville,0,211,17
13,Jack Harvey,18,20,205,01:43:34.0733,205,Running,17,157.954,3,nashville,0,191,17
14,Christian Rasmussen,20,25,205,01:43:34.5803,205,Running,16,157.941,3,nashville,0,176,17
15,Alexander Rossi,7,26,205,01:43:37.8089,205,Running,16,157.859,4,nashville,0,165,17
16,Romain Grosjean,77,13,204,01:43:25.4584,204,Running,14,157.402,4,nashville,0,168,17
17,Scott Dixon,9,11,204,01:43:27.8090,204,Running,13,157.342,3,nashville,0,160,17
18,Nolan Siegel,6,27,204,01:43:29.2187,204,Running,12,157.307,4,nashville,0,134,17
19,Christian Lundgaard,45,21,204,01:43:31.2500,204,Running,11,157.255,4,nashville,0,130,17
20,Sting Ray Robb,41,23,204,01:43:31.4682,204,Running,10,157.250,3,nashville,0,118,17
21,Pietro Fittipaldi,30,16,204,01:43:33.6153,204,Running,9,157.195,5,nashville,0,115,17
22,Kyffin Simpson,4,17,202,01:43:20.9025,202,Running,8,155.973,5,nashville,0,104,17
23,Graham Rahal,15,19,202,01:43:32.0545,202,Running,7,155.693,4,nashville,0,92,17
24,Will Power,12,4,198,01:43:24.6827,198,Running,6,152.792,6,nashville,0,98,17
25,Marcus Ericsson,28,15,137,01:19:42.9340,137,Contact,5,137.145,3,nashville,0,76,17
26,Katherine Legge,51,22,85,00:43:09.5186,85,Contact,5,157.164,2,nashville,0,59,17
27,Felix Rosenqvist,60,3,55,00:23:12.4834,55,Contact,5,189.115,0,nashville,0,70,17
1,Will Power,12,2,110,01:55:34.1948,110,Running,53,112.161,3,portland,25,382,14
2,Alex Palou,10,3,110,01:55:44.0215,110,Running,41,112.002,3,portland,18,350,14
3,Josef Newgarden,2,5,110,01:55:57.3994,110,Running,36,111.787,3,portland,15,326,14
4,Colton Herta,26,8,110,01:56:11.2987,110,Running,33,111.564,3,portland,12,303,14
5,Marcus Armstrong,11,7,110,01:56:12.2282,110,Running,31,111.549,3,portland,10,284,14
6,Marcus Ericsson,28,10,110,01:56:14.9635,110,Running,28,111.505,3,portland,8,271,14
7,Scott McLaughlin,3,20,110,01:56:16.5446,110,Running,26,111.480,3,portland,6,251,14
8,Santino Ferrucci,14,1,110,01:56:19.0504,110,Running,25,111.440,3,portland,4,265,14
9,Graham Rahal,15,12,110,01:56:23.7759,110,Running,22,111.364,3,portland,2,239,14
10,Kyle Kirkwood,27,11,110,01:56:25.1935,110,Running,20,111.342,3,portland,1,230,14
11,Rinus VeeKay,21,14,110,01:56:26.3708,110,Running,19,111.323,3,portland,0,217,14
12,Alexander Rossi,7,17,110,01:56:26.6927,110,Running,18,111.318,3,portland,0,204,14
13,Christian Lundgaard,45,4,110,01:56:29.6915,110,Running,17,111.270,3,portland,0,208,14
14,Felix Rosenqvist,60,18,110,01:56:30.9554,110,Running,16,111.250,3,portland,0,183,14
15,Pato O'Ward,5,22,110,01:56:32.5878,110,Running,15,111.224,3,portland,0,169,14
16,Kyffin Simpson,4,28,110,01:56:33.6799,110,Running,14,111.207,3,portland,0,153,14
17,Toby Sowery,51,19,109,01:55:41.8278,109,Running,13,111.019,3,portland,0,152,14
18,Sting Ray Robb,41,24,109,01:55:50.3948,109,Running,12,110.882,3,portland,0,137,14
19,Juri Vips,75,15,109,01:55:51.5976,109,Running,11,110.863,3,portland,0,136,14
20,David Malukas,66,25,109,01:55:56.2806,109,Running,10,110.788,3,portland,0,116,14
21,Nolan Siegel,6,23,109,01:56:05.2629,109,Running,9,110.645,4,portland,0,108,14
22,Conor Daly,78,26,109,01:56:05.9333,109,Running,8,110.635,3,portland,0,95,14
23,Linus Lundqvist,8,21,109,01:56:06.0097,109,Running,7,110.633,4,portland,0,90,14
24,Jack Harvey,18,27,109,01:56:08.9787,109,Running,6,110.586,3,portland,0,74,14
25,Pietro Fittipaldi,30,13,109,01:56:10.6786,109,Running,5,110.559,3,portland,0,78,14
26,Christian Rasmussen,20,16,108,01:55:47.7240,108,Running,5,109.907,3,portland,0,65,14
27,Romain Grosjean,77,6,107,01:55:45.8508,107,Running,5,108.919,4,portland,0,65,14
28,Scott Dixon,9,9,0,00:00:00.9315,0,Contact,5,0.000,0,portland,0,52,14
1,Will Power,12,5,55,01:45:00.0267,55,Running,51,126.154,3,roadamerica,25,376,7
2,Josef Newgarden,2,6,55,01:45:03.2876,55,Running,41,126.088,3,roadamerica,18,345,7
3,Scott McLaughlin,3,8,55,01:45:08.0415,55,Running,38,125.993,3,roadamerica,15,323,7
4,Alex Palou,10,7,55,01:45:16.7385,55,Running,33,125.820,3,roadamerica,12,304,7
5,Kyle Kirkwood,27,4,55,01:45:24.8929,55,Running,31,125.658,3,roadamerica,10,288,7
6,Colton Herta,26,2,55,01:45:28.4049,55,Running,29,125.588,5,roadamerica,8,282,7
7,Romain Grosjean,77,14,55,01:45:29.2977,55,Running,26,125.570,3,roadamerica,6,257,7
8,Pato O'Ward,5,11,55,01:45:30.3376,55,Running,24,125.550,4,roadamerica,4,250,7
9,Marcus Ericsson,28,15,55,01:45:35.6527,55,Running,22,125.444,3,roadamerica,2,236,7
10,Graham Rahal,15,24,55,01:45:42.8661,55,Running,20,125.302,4,roadamerica,1,217,7
11,Christian Lundgaard,45,13,55,01:45:46.4711,55,Running,19,125.231,3,roadamerica,0,218,7
12,Linus Lundqvist,8,1,55,01:45:46.8374,55,Running,19,125.223,5,roadamerica,0,225,7
13,Theo Pourchaire,6,18,55,01:45:54.5549,55,Running,17,125.071,3,roadamerica,0,193,7
14,Felix Rosenqvist,60,22,55,01:45:59.2679,55,Running,17,124.979,3,roadamerica,0,179,7
15,Santino Ferrucci,14,19,55,01:46:03.7603,55,Running,15,124.890,3,roadamerica,0,172,7
16,Pietro Fittipaldi,30,25,55,01:46:04.7428,55,Running,14,124.871,3,roadamerica,0,156,7
17,Sting Ray Robb,41,26,55,01:46:08.4656,55,Running,13,124.798,3,roadamerica,0,145,7
18,Alexander Rossi,7,9,55,01:46:15.0693,55,Running,12,124.669,3,roadamerica,0,152,7
19,Helio Castroneves,66,27,55,01:46:15.7185,55,Running,11,124.656,3,roadamerica,0,124,7
20,Christian Rasmussen,20,16,55,01:46:19.0968,55,Running,10,124.590,3,roadamerica,0,125,7
21,Scott Dixon,9,10,55,01:46:24.5021,55,Running,9,124.485,3,roadamerica,0,121,7
22,Luca Ghiotto,51,23,55,01:46:40.1879,55,Running,8,124.179,5,roadamerica,0,98,7
23,Nolan Siegel,78,21,54,01:45:10.1790,54,Running,7,123.661,5,roadamerica,0,90,7
24,Rinus VeeKay,21,17,53,01:45:21.9506,53,Running,6,121.145,3,roadamerica,0,84,7
25,Jack Harvey,18,20,51,01:46:28.2869,51,Running,5,115.363,3,roadamerica,0,71,7
26,Marcus Armstrong,11,3,35,01:10:34.4531,35,Mechanical,5,119.440,3,roadamerica,0,80,7
27,Kyffin Simpson,4,12,5,00:13:08.8502,5,Contact,5,91.592,0,roadamerica,0,59,7
1,Pato O'Ward,5,3,100,01:51:37.5075,100,Running,50,96.752,2,stpetersburg,25,380,1
2,Will Power,12,8,100,01:51:38.6513,100,Running,30,96.736,2,stpetersburg,18,343,1
3,Colton Herta,26,4,100,01:51:39.8532,100,Running,36,96.719,2,stpetersburg,15,328,1
4,Alex Palou,10,13,100,01:51:41.3990,100,Running,32,96.696,2,stpetersburg,12,298,1
5,Felix Rosenqvist,60,2,100,01:51:43.9998,100,Running,30,96.659,2,stpetersburg,10,292,1
6,Alexander Rossi,7,15,100,01:51:45.3807,100,Running,28,96.639,2,stpetersburg,8,266,1
7,Scott Dixon,9,11,100,01:51:45.8918,100,Running,26,96.631,2,stpetersburg,6,260,1
8,Rinus VeeKay,21,7,100,01:51:48.4300,100,Running,24,96.595,2,stpetersburg,4,254,1
9,Santino Ferrucci,14,14,100,01:51:52.6391,100,Running,22,96.534,2,stpetersburg,2,237,1
10,Kyle Kirkwood,27,18,100,01:51:54.1830,100,Running,20,96.512,2,stpetersburg,1,223,1
11,Callum Ilott,6,16,100,01:51:58.3067,100,Running,19,96.453,2,stpetersburg,0,215,1
12,Kyffin Simpson,4,23,100,01:51:59.1616,100,Running,18,96.441,2,stpetersburg,0,198,1
13,Pietro Fittipaldi,30,26,100,01:52:02.4129,100,Running,17,96.394,2,stpetersburg,0,185,1
14,Graham Rahal,15,22,100,01:52:04.2909,100,Running,16,96.367,3,stpetersburg,0,179,1
15,Tom Blomqvist,66,17,100,01:52:10.0680,100,Running,15,96.284,2,stpetersburg,0,174,1
16,Agustin Canapino,78,20,100,01:52:11.7201,100,Running,14,96.261,2,stpetersburg,0,161,1
17,Jack Harvey,18,27,100,01:52:18.9407,100,Running,13,96.158,2,stpetersburg,0,144,1
18,Christian Lundgaard,45,12,100,01:52:28.3301,100,Running,13,96.024,3,stpetersburg,0,149,1
19,Christian Rasmussen,20,21,99,01:52:21.5301,99,Running,11,95.159,2,stpetersburg,0,130,1
20,Colin Braun,51,25,99,01:52:27.0026,99,Running,10,95.082,2,stpetersburg,0,116,1
21,Linus Lundqvist,8,19,97,01:52:27.7687,97,Running,9,93.151,2,stpetersburg,0,112,1
22,Romain Grosjean,77,5,82,01:33:29.4950,82,Mechanical,8,94.725,2,stpetersburg,0,116,1
23,Marcus Ericsson,28,6,52,00:59:35.2774,52,Mechanical,7,94.247,1,stpetersburg,0,105,1
24,Sting Ray Robb,41,24,33,00:37:17.3009,33,Off course,6,95.579,1,stpetersburg,0,77,1
25,Marcus Armstrong,11,10,25,00:26:07.8934,25,Contact,5,103.323,0,stpetersburg,0,81,1
26,Josef Newgarden,2,1,0,00:00:00.0000,0,DSQ,1,0.000,0,stpetersburg,0,85,1
27,Scott McLaughlin,3,9,0,00:00:00.7207,0,DSQ,0,0.000,0,stpetersburg,0,62,1
1,Colton Herta,26,1,85,01:39:28.4293,85,Running,54,91.568,2,toronto,25,385,12
2,Kyle Kirkwood,27,2,85,01:39:28.7762,85,Running,40,91.562,2,toronto,18,352,12
3,Scott Dixon,9,15,85,01:39:29.3973,85,Running,36,91.553,2,toronto,15,316,12
4,Alex Palou,10,18,85,01:39:30.1204,85,Running,32,91.542,2,toronto,12,293,12
5,Marcus Armstrong,11,13,85,01:39:31.2012,85,Running,30,91.525,2,toronto,10,278,12
6,David Malukas,66,6,85,01:39:31.5146,85,Running,28,91.520,2,toronto,8,275,12
7,Christian Lundgaard,45,16,85,01:39:32.3218,85,Running,26,91.508,2,toronto,6,255,12
8,Rinus VeeKay,21,22,85,01:39:33.0639,85,Running,24,91.497,3,toronto,4,239,12
9,Romain Grosjean,77,5,85,01:39:34.0830,85,Running,22,91.481,2,toronto,2,246,12
10,Graham Rahal,15,8,85,01:39:34.5749,85,Running,20,91.474,3,toronto,1,233,12
11,Josef Newgarden,2,7,85,01:39:38.9217,85,Running,19,91.407,3,toronto,0,224,12
12,Will Power,12,9,85,01:39:39.9848,85,Running,18,91.391,2,toronto,0,212,12
13,Linus Lundqvist,8,24,84,01:39:35.1306,84,Running,17,90.389,4,toronto,0,187,12
14,Theo Pourchaire,7,26,84,01:39:35.5503,84,Running,16,90.383,5,toronto,0,175,12
15,Toby Sowery,51,21,84,01:39:35.9040,84,Running,15,90.377,3,toronto,0,170,12
16,Scott McLaughlin,3,4,76,01:28:10.8618,76,Contact,14,92.357,2,toronto,0,178,12
17,Pato O'Ward,5,14,72,01:21:44.4725,72,Contact,13,94.390,2,toronto,0,157,12
18,Marcus Ericsson,28,11,72,01:21:46.8808,72,Contact,13,94.343,2,toronto,0,150,12
19,Pietro Fittipaldi,30,23,72,01:21:49.6394,72,Contact,11,94.290,2,toronto,0,128,12
20,Santino Ferrucci,14,17,72,01:21:50.1026,72,Contact,10,94.281,4,toronto,0,124,12
21,Nolan Siegel,6,19,72,01:21:50.7316,72,Contact,9,94.269,3,toronto,0,112,12
22,Kyffin Simpson,4,20,66,01:14:02.5914,66,Contact,8,95.519,2,toronto,0,101,12
23,Felix Rosenqvist,60,3,63,01:10:40.7835,63,Mechanical,7,95.517,2,toronto,0,110,12
24,Hunter McElrea,18,25,57,01:04:49.1748,57,Contact,6,94.233,2,toronto,0,76,12
25,Sting Ray Robb,41,27,13,00:17:46.8887,13,Mechanical,5,78.344,0,toronto,0,64,12
26,Agustin Canapino,78,10,4,00:06:13.8674,4,Contact,5,68.790,0,toronto,0,71,12
27,Christian Rasmussen,20,12,0,00:00:01.2612,0,Contact,5,0.000,0,toronto,0,59,12
